id;filename;titulo;capa;categoria;fuente;tipo_descarga;url_usada;estado;size_bytes
001;001_gpc_453_tmg_iacs_compl_2025-1.pdf;GPC 453 del SNS — Trastorno mental grave;1;Salud_mental;GuiaSalud;web;https://portal.guiasalud.es/wp-content/uploads/2019/01/gpc_453_tmg_iacs_compl_2025-1.pdf;OK;1151624
002;002_gpc_579_participacion_comunitaria_ciudadanos.pdf;GPC 579 del SNS — Participación comunitaria en salud;1;Salud_publica;GuiaSalud;web;https://portal.guiasalud.es/wp-content/uploads/2019/11/gpc_579_participacion_comunitaria_ciudadanos.pdf;OK;5861096
003;003_gpc_608_periodontitis.pdf;GPC 608 del SNS — Periodontitis;1;Odontologia;GuiaSalud;web;https://portal.guiasalud.es/wp-content/uploads/2021/03/gpc_608_periodontitis.pdf;OK;3507658
004;004_gpc_481_conducta_suicida_avaliat_compl.pdf;GPC 481 del SNS — Prevención y tratamiento de la conducta suicida;1;Salud_mental;GuiaSalud;web;https://portal.guiasalud.es/wp-content/uploads/2021/05/gpc_481_conducta_suicida_avaliat_compl.pdf;OK;4189108
005;005_gpc_604_traumatismo_toracico_osteba_compl.pdf;GPC 604 del SNS — Traumatismo torácico;1;Urgencias;GuiaSalud;web;https://portal.guiasalud.es/wp-content/uploads/2021/05/gpc_604_traumatismo_toracico_osteba_compl.pdf;OK;1846947
006;006_gpc_612_atencion_paliativa_avaliat_compl_.pdf;GPC 612 del SNS — Atención paliativa al adulto;1;Cuidados_paliativos;GuiaSalud;web;https://portal.guiasalud.es/wp-content/uploads/2022/01/gpc_612_atencion_paliativa_avaliat_compl_.pdf;OK;19546483
007;007_gpc_613_antibioticos_implantologia_oral_compl.pdf;GPC 613 del SNS — Antibióticos en implantología oral;1;Odontologia;GuiaSalud;web;https://portal.guiasalud.es/wp-content/uploads/2022/01/gpc_613_antibioticos_implantologia_oral_compl.pdf;OK;6453343
008;008_gpc_614_covid_pediatria_compl.pdf;GPC 614 del SNS — COVID-19 en pediatría;1;Pediatria;GuiaSalud;web;https://portal.guiasalud.es/wp-content/uploads/2022/04/gpc_614_covid_pediatria_compl.pdf;OK;15009964
009;009_gpc_619_recomendaciones_practica_clinica_parkinson_compl.pdf;GPC 619 del SNS — Enfermedad de Parkinson;1;Neurologia;GuiaSalud;web;https://portal.guiasalud.es/wp-content/uploads/2022/11/gpc_619_recomendaciones_practica_clinica_parkinson_compl.pdf;OK;15303586
010;010_gpc_620_atencion_odontologica_cancer_oral_secib_compl.pdf;GPC 620 del SNS — Atención odontológica en el paciente con cáncer oral;1;Odontologia;GuiaSalud;web;https://portal.guiasalud.es/wp-content/uploads/2023/03/gpc_620_atencion_odontologica_cancer_oral_secib_compl.pdf;OK;9229208
011;011_gpc_621_periodontitis_sepo_compl.pdf;GPC 621 del SNS — Tratamiento de la periodontitis;1;Odontologia;GuiaSalud;web;https://portal.guiasalud.es/wp-content/uploads/2023/03/gpc_621_periodontitis_sepo_compl.pdf;OK;4074353
012;012_gpc_622_cirugia_bucal_trastornos_coagulacion_secib_compl.pdf;GPC 622 del SNS — Cirugía bucal en pacientes con trastornos de la coagulación;1;Odontologia;GuiaSalud;web;https://portal.guiasalud.es/wp-content/uploads/2023/03/gpc_622_cirugia_bucal_trastornos_coagulacion_secib_compl.pdf;OK;2095530
013;013_gpc_623_actividad_fisica_embarazo_upm_compl.pdf;GPC 623 del SNS — Actividad física durante el embarazo;1;Ginecologia;GuiaSalud;web;https://portal.guiasalud.es/wp-content/uploads/2023/04/gpc_623_actividad_fisica_embarazo_upm_compl.pdf;OK;11633154
014;014_gpc_624_osteoporosis_seiomm_compl.pdf;GPC 624 del SNS — Osteoporosis;1;Reumatologia;GuiaSalud;web;https://portal.guiasalud.es/wp-content/uploads/2023/05/gpc_624_osteoporosis_seiomm_compl.pdf;OK;185489
015;015_gpc_618_cuidados_palitativos_pediatria_iacs_compl.pdf;GPC 618 del SNS — Cuidados paliativos pediátricos;1;Cuidados_paliativos;GuiaSalud;web;https://portal.guiasalud.es/wp-content/uploads/2023/10/gpc_618_cuidados_palitativos_pediatria_iacs_compl.pdf;OK;1686512
016;016_gpc_625_prevencion_secundaria_ictus_aetsa_compl.pdf;GPC 625 del SNS — Prevención secundaria del ictus;1;Neurologia;GuiaSalud;web;https://portal.guiasalud.es/wp-content/uploads/2023/10/gpc_625_prevencion_secundaria_ictus_aetsa_compl.pdf;OK;3169058
017;017_gpc_626_terceros_molares_secib_compl.pdf;GPC 626 del SNS — Terceros molares;1;Odontologia;GuiaSalud;web;https://portal.guiasalud.es/wp-content/uploads/2023/11/gpc_626_terceros_molares_secib_compl.pdf;OK;2574143
018;018_gpc_534_depresion_adulto_avaliat_compl.pdf;GPC 534 del SNS — Manejo de la depresión en el adulto;1;Salud_mental;GuiaSalud;web;https://portal.guiasalud.es/wp-content/uploads/2024/02/gpc_534_depresion_adulto_avaliat_compl.pdf;OK;4540316
019;019_gpc_630_tabaquismo_separ_compl.pdf;GPC 630 del SNS — Tratamiento del tabaquismo;1;Neumologia;GuiaSalud;web;https://portal.guiasalud.es/wp-content/uploads/2024/07/gpc_630_tabaquismo_separ_compl.pdf;OK;955992
020;020_gpc_631_abordaje_procesos_bucales_aemps_compl.pdf;GPC 631 del SNS — Abordaje de procesos bucales;1;Odontologia;GuiaSalud;web;https://portal.guiasalud.es/wp-content/uploads/2024/07/gpc_631_abordaje_procesos_bucales_aemps_compl.pdf;OK;3597561
021;021_gpc_585_anticoncepcion_iacs_compl.pdf;GPC 585 del SNS — Anticoncepción;1;Ginecologia;GuiaSalud;web;https://portal.guiasalud.es/wp-content/uploads/2025/01/gpc_585_anticoncepcion_iacs_compl.pdf;OK;980814
022;022_gpc_634_toc_nino_adolescente_compl.pdf;GPC 634 del SNS — Trastorno obsesivo-compulsivo en la infancia y la adolescencia;1;Salud_mental;GuiaSalud;web;https://portal.guiasalud.es/wp-content/uploads/2025/02/gpc_634_toc_nino_adolescente_compl.pdf;OK;2280739
023;023_gpc_636_espoguia_ser_compl.pdf;GPC 636 del SNS — Espondiloartritis (ESPOGUIA);1;Reumatologia;GuiaSalud;web;https://portal.guiasalud.es/wp-content/uploads/2025/02/gpc_636_espoguia_ser_compl.pdf;OK;4516964
024;024_gpc_644_neurorehabilitacion_senr-compl.pdf;GPC 644 del SNS — Neurorrehabilitación;1;Neurologia;GuiaSalud;web;https://portal.guiasalud.es/wp-content/uploads/2025/03/gpc_644_neurorehabilitacion_senr-compl.pdf;OK;3587578
025;025_gpc_645_enfermedades_periimplantarias_sepa_compl.pdf;GPC 645 del SNS — Enfermedades periimplantarias;1;Odontologia;GuiaSalud;web;https://portal.guiasalud.es/wp-content/uploads/2025/03/gpc_645_enfermedades_periimplantarias_sepa_compl.pdf;OK;4077619
026;026_gpc_635_manejo_ictus_ap_osteba_compl.pdf;GPC 635 del SNS — Manejo del ictus en atención primaria;1;Neurologia;GuiaSalud;web;https://portal.guiasalud.es/wp-content/uploads/2025/04/gpc_635_manejo_ictus_ap_osteba_compl.pdf;OK;5238685
027;027_gpc_641_ansiedad_sescs_compl-1.pdf;GPC 641 del SNS — Trastornos de ansiedad;1;Salud_mental;GuiaSalud;web;https://portal.guiasalud.es/wp-content/uploads/2025/07/gpc_641_ansiedad_sescs_compl-1.pdf;OK;17115828
028;028_gpc_649_boca_seca_semo_compl.pdf;GPC 649 del SNS — Boca seca;1;Odontologia;GuiaSalud;web;https://portal.guiasalud.es/wp-content/uploads/2025/07/gpc_649_boca_seca_semo_compl.pdf;OK;3475129
029;029_gpc_633_madre_metodo_canguro_compl.pdf;GPC 633 del SNS — Método madre canguro;1;Pediatria;GuiaSalud;web;https://portal.guiasalud.es/wp-content/uploads/2025/09/gpc_633_madre_metodo_canguro_compl.pdf;OK;11408277
030;030_gpc_650_obesidad_seedo_compl.pdf;GPC 650 del SNS — Obesidad;1;Endocrinologia;GuiaSalud;web;https://portal.guiasalud.es/wp-content/uploads/2025/10/gpc_650_obesidad_seedo_compl.pdf;OK;3780391
031;031_gpc_653_artritis_reumatoide_ser_compl_corregida.pdf;GPC 653 del SNS — Artritis reumatoide;1;Reumatologia;GuiaSalud;web;https://portal.guiasalud.es/wp-content/uploads/2025/10/gpc_653_artritis_reumatoide_ser_compl_corregida.pdf;OK;3546838
032;032_gpc_651_hemocultivos_ieie_compl.pdf;GPC 651 del SNS — Hemocultivos;1;Microbiologia;GuiaSalud;web;https://portal.guiasalud.es/wp-content/uploads/2025/11/gpc_651_hemocultivos_ieie_compl.pdf;OK;1905193
033;033_gpc_652_trastorno_espectro_autista_ap_aetsa_compl_f_doi.pdf;GPC 652 del SNS — Trastorno del espectro autista en atención primaria;1;Salud_mental;GuiaSalud;web;https://portal.guiasalud.es/wp-content/uploads/2025/12/gpc_652_trastorno_espectro_autista_ap_aetsa_compl_f_doi.pdf;OK;1992202
034;034_gpc_658_manejo_via_subcutanea_hospital_scjhuesca_compl.pdf;GPC 658 del SNS — Uso de la vía subcutánea en el hospital;1;Enfermeria;GuiaSalud;web;https://portal.guiasalud.es/wp-content/uploads/2026/01/gpc_658_manejo_via_subcutanea_hospital_scjhuesca_compl.pdf;OK;2454996
035;035_gpc_659_diabetes_mellitus_tipo_1_sescs_compl_nipo.pdf;GPC 659 del SNS — Diabetes mellitus tipo 1 (2026);1;Endocrinologia;GuiaSalud;web;https://portal.guiasalud.es/wp-content/uploads/2026/01/gpc_659_diabetes_mellitus_tipo_1_sescs_compl_nipo.pdf;OK;2041930
036;036_gpc_657_infecciones_tracto_respiratorio_superior_pediatria_aemps_compl.pdf;GPC 657 del SNS — Infecciones del tracto respiratorio superior en pediatría;1;Pediatria;GuiaSalud;web;https://portal.guiasalud.es/wp-content/uploads/2026/03/gpc_657_infecciones_tracto_respiratorio_superior_pediatria_aemps_compl.pdf;OK;896325
037;037_gpc_662_catarata_paciente_adulto_actualizacion_chuf.pdf;GPC 662 del SNS — Catarata en el paciente adulto;1;Oftalmologia;GuiaSalud;web;https://portal.guiasalud.es/wp-content/uploads/2026/05/gpc_662_catarata_paciente_adulto_actualizacion_chuf.pdf;OK;1946718
038;038_gpc_664_cancer_mama_metastasico_geicam.pdf;GPC 664 del SNS — Cáncer de mama metastásico;1;Oncologia;GuiaSalud;web;https://portal.guiasalud.es/wp-content/uploads/2026/07/gpc_664_cancer_mama_metastasico_geicam.pdf;OK;1206543
039;039_GESEPOC-2021-Spanish-ABN2022.pdf;Guía española de la EPOC (GesEPOC 2021);1;Neumologia;GuiaSalud;web;https://portal.guiasalud.es/wp-content/uploads/gravity_forms/2-cdb008c5a6f7016ab2b9afa9675d272f/2022/08/GESEPOC-2021-Spanish-ABN2022.pdf;OK;1943654
040;040_GPC_429_Diabetes_2_Osteba_compl.pdf;GPC 429 del SNS — Diabetes mellitus tipo 2 (2008);1;Endocrinologia;GuiaSalud;web;https://portal.guiasalud.es/wp-content/uploads/2018/12/GPC_429_Diabetes_2_Osteba_compl.pdf;OK;4875486
044;044_gpc_453_tmg_iacs_rapid_2025-1.pdf;GPC 453 del SNS — Trastorno mental grave · guía rápida;2;Salud_mental;GuiaSalud;web;https://portal.guiasalud.es/wp-content/uploads/2019/01/gpc_453_tmg_iacs_rapid_2025-1.pdf;OK;309536
045;045_gpc_453_tmg_iacs_resum_2025-.pdf;GPC 453 del SNS — Trastorno mental grave · resumen;2;Salud_mental;GuiaSalud;web;https://portal.guiasalud.es/wp-content/uploads/2019/01/gpc_453_tmg_iacs_resum_2025-.pdf;OK;1121888
046;046_gpc_453_tmg_ics_herram_2025.pdf;GPC 453 del SNS — Trastorno mental grave · herramientas;2;Salud_mental;GuiaSalud;web;https://portal.guiasalud.es/wp-content/uploads/2019/01/gpc_453_tmg_ics_herram_2025.pdf;OK;66673
047;047_gpc_481_conducta_suicida_avaliat_herram_modif_2020.pdf;GPC 481 del SNS — Prevención y tratamiento de la conducta suicida · herramientas;2;Salud_mental;GuiaSalud;web;https://portal.guiasalud.es/wp-content/uploads/2020/09/gpc_481_conducta_suicida_avaliat_herram_modif_2020.pdf;OK;260073
048;048_gpc_612_atencion_paliativa_avaliat_mat_met.pdf;GPC 612 del SNS — Atención paliativa al adulto · material metodológico;2;Cuidados_paliativos;GuiaSalud;web;https://portal.guiasalud.es/wp-content/uploads/2021/09/gpc_612_atencion_paliativa_avaliat_mat_met.pdf;OK;1624262
049;049_gpc_612_atencion_paliativa_avaliat_infografia_cast.pdf;GPC 612 del SNS — Atención paliativa al adulto · infografía;2;Cuidados_paliativos;GuiaSalud;web;https://portal.guiasalud.es/wp-content/uploads/2021/10/gpc_612_atencion_paliativa_avaliat_infografia_cast.pdf;OK;4608962
050;050_gpc_612_atencion_paliativa_avaliat_infografia_gall.pdf;GPC 612 del SNS — Atención paliativa al adulto · infografía, en gallego;2;Cuidados_paliativos;GuiaSalud;web;https://portal.guiasalud.es/wp-content/uploads/2021/10/gpc_612_atencion_paliativa_avaliat_infografia_gall.pdf;OK;3731707
051;051_gpc_481_conducta_suicida_avaliat_compl_en.pdf;GPC 481 del SNS — Prevención y tratamiento de la conducta suicida · versión en inglés;2;Salud_mental;GuiaSalud;web;https://portal.guiasalud.es/wp-content/uploads/2022/02/gpc_481_conducta_suicida_avaliat_compl_en.pdf;OK;2522848
052;052_gpc_481_conducta_suicida_avaliat_resum.pdf;GPC 481 del SNS — Prevención y tratamiento de la conducta suicida · resumen;2;Salud_mental;GuiaSalud;web;https://portal.guiasalud.es/wp-content/uploads/2022/02/gpc_481_conducta_suicida_avaliat_resum.pdf;OK;2098973
053;053_gpc_481_conducta_suicida_avaliat_revision.pdf;GPC 481 del SNS — Prevención y tratamiento de la conducta suicida · revisión de vigencia;2;Salud_mental;GuiaSalud;web;https://portal.guiasalud.es/wp-content/uploads/2022/02/gpc_481_conducta_suicida_avaliat_revision.pdf;OK;3074961
054;054_gpc_604_traumatismo_toracico_osteba_herram.pdf;GPC 604 del SNS — Traumatismo torácico · herramientas;2;Urgencias;GuiaSalud;web;https://portal.guiasalud.es/wp-content/uploads/2022/02/gpc_604_traumatismo_toracico_osteba_herram.pdf;OK;262007
055;055_gpc_612_atencion_paliativa_avaliat_herram.pdf;GPC 612 del SNS — Atención paliativa al adulto · herramientas;2;Cuidados_paliativos;GuiaSalud;web;https://portal.guiasalud.es/wp-content/uploads/2022/02/gpc_612_atencion_paliativa_avaliat_herram.pdf;OK;151125
056;056_gpc_612_atencion_paliativa_avaliat_exposicion_publica.pdf;GPC 612 del SNS — Atención paliativa al adulto · borrador de exposición pública;2;Cuidados_paliativos;GuiaSalud;web;https://portal.guiasalud.es/wp-content/uploads/2022/03/gpc_612_atencion_paliativa_avaliat_exposicion_publica.pdf;OK;788911
057;057_gpc_618_cuidados_palitativos_pediatria_iacs_exposicion_publica.pdf;GPC 618 del SNS — Cuidados paliativos pediátricos · borrador de exposición pública;2;Cuidados_paliativos;GuiaSalud;web;https://portal.guiasalud.es/wp-content/uploads/2022/09/gpc_618_cuidados_palitativos_pediatria_iacs_exposicion_publica.pdf;OK;232828
058;058_gpc_534_depresion_adulto_avaliat_herram-1.pdf;GPC 534 del SNS — Manejo de la depresión en el adulto · herramientas;2;Salud_mental;GuiaSalud;web;https://portal.guiasalud.es/wp-content/uploads/2023/05/gpc_534_depresion_adulto_avaliat_herram-1.pdf;OK;104924
059;059_gpc_534_depresion_adulto_avaliat_revision_2023.pdf;GPC 534 del SNS — Manejo de la depresión en el adulto · revisión de vigencia;2;Salud_mental;GuiaSalud;web;https://portal.guiasalud.es/wp-content/uploads/2023/05/gpc_534_depresion_adulto_avaliat_revision_2023.pdf;OK;1728910
060;060_gpc_625_prevencion_secundaria_ictus_aetsa_exp_publica.pdf;GPC 625 del SNS — Prevención secundaria del ictus · borrador de exposición pública;2;Neurologia;GuiaSalud;web;https://portal.guiasalud.es/wp-content/uploads/2023/05/gpc_625_prevencion_secundaria_ictus_aetsa_exp_publica.pdf;OK;351109
061;061_gpc_625_prevencion_secundaria_ictus_aetsa_mat_met.pdf;GPC 625 del SNS — Prevención secundaria del ictus · material metodológico;2;Neurologia;GuiaSalud;web;https://portal.guiasalud.es/wp-content/uploads/2023/05/gpc_625_prevencion_secundaria_ictus_aetsa_mat_met.pdf;OK;2650387
062;062_gpc_618_cuidados_palitativos_pediatria_iacs_resum_ingles.pdf;GPC 618 del SNS — Cuidados paliativos pediátricos · resumen en inglés;2;Cuidados_paliativos;GuiaSalud;web;https://portal.guiasalud.es/wp-content/uploads/2024/01/gpc_618_cuidados_palitativos_pediatria_iacs_resum_ingles.pdf;OK;602318
063;063_gpc_534_depresion_adulto_avaliat_adenda-1.pdf;GPC 534 del SNS — Manejo de la depresión en el adulto · adenda;2;Salud_mental;GuiaSalud;web;https://portal.guiasalud.es/wp-content/uploads/2024/02/gpc_534_depresion_adulto_avaliat_adenda-1.pdf;OK;93150
064;064_gpc_534_depresion_adulto_avaliat_adenda.pdf;GPC 534 del SNS — Manejo de la depresión en el adulto · adenda;2;Salud_mental;GuiaSalud;web;https://portal.guiasalud.es/wp-content/uploads/2024/02/gpc_534_depresion_adulto_avaliat_adenda.pdf;OK;116640
065;065_gpc_534_depresion_adulto_avaliat_compl_en.pdf;GPC 534 del SNS — Manejo de la depresión en el adulto · versión en inglés;2;Salud_mental;GuiaSalud;web;https://portal.guiasalud.es/wp-content/uploads/2024/02/gpc_534_depresion_adulto_avaliat_compl_en.pdf;OK;3370577
066;066_gpc_534_depresion_adulto_avaliat_resum.pdf;GPC 534 del SNS — Manejo de la depresión en el adulto · resumen;2;Salud_mental;GuiaSalud;web;https://portal.guiasalud.es/wp-content/uploads/2024/02/gpc_534_depresion_adulto_avaliat_resum.pdf;OK;4600598
067;067_gpc_625_prevencion_secundaria_ictus_aetsa_resum_ingles-2.pdf;GPC 625 del SNS — Prevención secundaria del ictus · resumen en inglés;2;Neurologia;GuiaSalud;web;https://portal.guiasalud.es/wp-content/uploads/2024/03/gpc_625_prevencion_secundaria_ictus_aetsa_resum_ingles-2.pdf;OK;350755
068;068_gpc_631_abordaje_procesos_bucales_aemps_mat_met.pdf;GPC 631 del SNS — Abordaje de procesos bucales · material metodológico;2;Odontologia;GuiaSalud;web;https://portal.guiasalud.es/wp-content/uploads/2024/07/gpc_631_abordaje_procesos_bucales_aemps_mat_met.pdf;OK;543229
069;069_gpc_641_ansiedad_sescs_exp_publica.pdf;GPC 641 del SNS — Trastornos de ansiedad · borrador de exposición pública;2;Salud_mental;GuiaSalud;web;https://portal.guiasalud.es/wp-content/uploads/2024/12/gpc_641_ansiedad_sescs_exp_publica.pdf;OK;402717
070;070_gpc_585_anticoncepcion_iacs_herram.pdf;GPC 585 del SNS — Anticoncepción · herramientas;2;Ginecologia;GuiaSalud;web;https://portal.guiasalud.es/wp-content/uploads/2025/01/gpc_585_anticoncepcion_iacs_herram.pdf;OK;163093
071;071_gpc_641_ansiedad_sescs_mat_met.pdf;GPC 641 del SNS — Trastornos de ansiedad · material metodológico;2;Salud_mental;GuiaSalud;web;https://portal.guiasalud.es/wp-content/uploads/2025/01/gpc_641_ansiedad_sescs_mat_met.pdf;OK;6682705
072;072_gpc_635_manejo_ictus_ap_osteba_exp_publica.pdf;GPC 635 del SNS — Manejo del ictus en atención primaria · borrador de exposición pública;2;Neurologia;GuiaSalud;web;https://portal.guiasalud.es/wp-content/uploads/2025/02/gpc_635_manejo_ictus_ap_osteba_exp_publica.pdf;OK;1252508
073;073_gpc_635_manejo_ictus_ap_osteba_mat_met.pdf;GPC 635 del SNS — Manejo del ictus en atención primaria · material metodológico;2;Neurologia;GuiaSalud;web;https://portal.guiasalud.es/wp-content/uploads/2025/02/gpc_635_manejo_ictus_ap_osteba_mat_met.pdf;OK;6548121
074;074_gpc_636_espoguia_ser_mat_met.pdf;GPC 636 del SNS — Espondiloartritis (ESPOGUIA) · material metodológico;2;Reumatologia;GuiaSalud;web;https://portal.guiasalud.es/wp-content/uploads/2025/02/gpc_636_espoguia_ser_mat_met.pdf;OK;3237916
075;075_gpc_636_espoguia_ser_rapida.pdf;GPC 636 del SNS — Espondiloartritis (ESPOGUIA) · guía rápida;2;Reumatologia;GuiaSalud;web;https://portal.guiasalud.es/wp-content/uploads/2025/02/gpc_636_espoguia_ser_rapida.pdf;OK;432906
076;076_gpc_649_boca_seca_semo_resum.pdf;GPC 649 del SNS — Boca seca · resumen;2;Odontologia;GuiaSalud;web;https://portal.guiasalud.es/wp-content/uploads/2025/07/gpc_649_boca_seca_semo_resum.pdf;OK;1057892
077;077_gpc_635_manejo_ictus_ap_osteba_ingles.pdf;GPC 635 del SNS — Manejo del ictus en atención primaria · versión en inglés;2;Neurologia;GuiaSalud;web;https://portal.guiasalud.es/wp-content/uploads/2025/08/gpc_635_manejo_ictus_ap_osteba_ingles.pdf;OK;974091
078;078_gpc_641_ansiedad_sescs_ingles.pdf;GPC 641 del SNS — Trastornos de ansiedad · versión en inglés;2;Salud_mental;GuiaSalud;web;https://portal.guiasalud.es/wp-content/uploads/2025/08/gpc_641_ansiedad_sescs_ingles.pdf;OK;1203973
079;079_gpc_453_tmg_iacs_revision_2025.pdf;GPC 453 del SNS — Trastorno mental grave · revisión de vigencia;2;Salud_mental;GuiaSalud;web;https://portal.guiasalud.es/wp-content/uploads/2025/10/gpc_453_tmg_iacs_revision_2025.pdf;OK;1596446
080;080_gpc_652_trastorno_espectro_autista_ap_aetsa_exp_publica.pdf;GPC 652 del SNS — Trastorno del espectro autista en atención primaria · borrador de exposición pública;2;Salud_mental;GuiaSalud;web;https://portal.guiasalud.es/wp-content/uploads/2025/10/gpc_652_trastorno_espectro_autista_ap_aetsa_exp_publica.pdf;OK;642728
081;081_gpc_652_trastorno_espectro_autista_ap_aetsa_mat_met_d.pdf;GPC 652 del SNS — Trastorno del espectro autista en atención primaria · material metodológico;2;Salud_mental;GuiaSalud;web;https://portal.guiasalud.es/wp-content/uploads/2025/10/gpc_652_trastorno_espectro_autista_ap_aetsa_mat_met_d.pdf;OK;2254165
082;082_gpc_653_artritis_reumatoide_ser_mat_met.pdf;GPC 653 del SNS — Artritis reumatoide · material metodológico;2;Reumatologia;GuiaSalud;web;https://portal.guiasalud.es/wp-content/uploads/2025/10/gpc_653_artritis_reumatoide_ser_mat_met.pdf;OK;2175625
083;083_gpc_653_artritis_reumatoide_ser_rapida.pdf;GPC 653 del SNS — Artritis reumatoide · guía rápida;2;Reumatologia;GuiaSalud;web;https://portal.guiasalud.es/wp-content/uploads/2025/10/gpc_653_artritis_reumatoide_ser_rapida.pdf;OK;396843
084;084_gpc_658_manejo_via_subcutanea_hospital_scjhuesca_mat_met.pdf;GPC 658 del SNS — Uso de la vía subcutánea en el hospital · material metodológico;2;Enfermeria;GuiaSalud;web;https://portal.guiasalud.es/wp-content/uploads/2026/01/gpc_658_manejo_via_subcutanea_hospital_scjhuesca_mat_met.pdf;OK;955067
085;085_gpc_659_diabetes_mellitus_tipo_1_sescs_mat_met.pdf;GPC 659 del SNS — Diabetes mellitus tipo 1 (2026) · material metodológico;2;Endocrinologia;GuiaSalud;web;https://portal.guiasalud.es/wp-content/uploads/2026/01/gpc_659_diabetes_mellitus_tipo_1_sescs_mat_met.pdf;OK;7759182
086;086_gpc_659_diabetes_mellitus_tipo_1_sescs_exp_pub.pdf;GPC 659 del SNS — Diabetes mellitus tipo 1 (2026) · borrador de exposición pública;2;Endocrinologia;GuiaSalud;web;https://portal.guiasalud.es/wp-content/uploads/2026/02/gpc_659_diabetes_mellitus_tipo_1_sescs_exp_pub.pdf;OK;1174516
087;087_gpc_657_infecciones_tracto_respiratorio_superior_pediatria_aemps_mat_metod.pdf;GPC 657 del SNS — Infecciones del tracto respiratorio superior en pediatría · material metodológico;2;Pediatria;GuiaSalud;web;https://portal.guiasalud.es/wp-content/uploads/2026/03/gpc_657_infecciones_tracto_respiratorio_superior_pediatria_aemps_mat_metod.pdf;OK;549070
088;088_AI_Act_Reglamento_UE_2024_1689.pdf;AI Act — Reglamento Europeo de Inteligencia Artificial (UE 2024/1689);3;Regulacion_UE;EUR-Lex;web;https://eur-lex.europa.eu/legal-content/ES/TXT/PDF/?uri=CELEX:32024R1689;OK;2679733
089;089_MDR_Reglamento_UE_2017_745_productos_sanitarios.pdf;MDR — Reglamento de productos sanitarios (UE 2017/745);3;Regulacion_UE;EUR-Lex;web;https://eur-lex.europa.eu/legal-content/ES/TXT/PDF/?uri=CELEX:32017R0745;OK;1705577
090;090_IVDR_Reglamento_UE_2017_746_diagnostico_in_vitro.pdf;IVDR — Reglamento de productos sanitarios para diagnóstico in vitro (UE 2017/746);3;Regulacion_UE;EUR-Lex;web;https://eur-lex.europa.eu/legal-content/ES/TXT/PDF/?uri=CELEX:32017R0746;OK;1469382
091;091_EHDS_Reglamento_UE_2025_327_espacio_datos_sanitarios.pdf;EHDS — Espacio Europeo de Datos Sanitarios (Reglamento UE 2025/327);3;Regulacion_UE;EUR-Lex;web;https://eur-lex.europa.eu/legal-content/ES/TXT/PDF/?uri=CELEX:32025R0327;OK;2127856
092;092_RGPD_Reglamento_UE_2016_679.pdf;RGPD — Reglamento General de Protección de Datos (UE 2016/679);3;Regulacion_UE;EUR-Lex;web;https://eur-lex.europa.eu/legal-content/ES/TXT/PDF/?uri=CELEX:32016R0679;OK;1024768
093;093_Ensayos_Clinicos_Reglamento_UE_536_2014.pdf;Reglamento de ensayos clínicos con medicamentos de uso humano (UE 536/2014);3;Regulacion_UE;EUR-Lex;web;https://eur-lex.europa.eu/legal-content/ES/TXT/PDF/?uri=CELEX:32014R0536;OK;926439
094;094_HTA_Reglamento_UE_2021_2282_evaluacion_tecnologias.pdf;Reglamento de evaluación de tecnologías sanitarias (UE 2021/2282);3;Regulacion_UE;EUR-Lex;web;https://eur-lex.europa.eu/legal-content/ES/TXT/PDF/?uri=CELEX:32021R2282;OK;895772
095;095_Directiva_UE_2011_24_asistencia_transfronteriza.pdf;Directiva de derechos de los pacientes en la asistencia sanitaria transfronteriza (2011/24/UE);3;Regulacion_UE;EUR-Lex;web;https://eur-lex.europa.eu/legal-content/ES/TXT/PDF/?uri=CELEX:32011L0024;OK;906880
096;096_NIS2_Directiva_UE_2022_2555.pdf;NIS2 — Directiva de ciberseguridad (UE 2022/2555), que incluye al sector sanitario;3;Regulacion_UE;EUR-Lex;web;https://eur-lex.europa.eu/legal-content/ES/TXT/PDF/?uri=CELEX:32022L2555;OK;1382029
097;097_Ley_41_2002_autonomia_paciente.pdf;Ley 41/2002, básica reguladora de la autonomía del paciente y de la documentación clínica;3;Regulacion_ES;BOE;web;https://www.boe.es/buscar/pdf/2002/BOE-A-2002-22188-consolidado.pdf;OK;186330
098;098_Ley_14_1986_General_de_Sanidad.pdf;Ley 14/1986, General de Sanidad;3;Regulacion_ES;BOE;web;https://www.boe.es/buscar/pdf/1986/BOE-A-1986-10499-consolidado.pdf;OK;388899
099;099_Ley_16_2003_cohesion_calidad_SNS.pdf;Ley 16/2003, de cohesión y calidad del Sistema Nacional de Salud;3;Regulacion_ES;BOE;web;https://www.boe.es/buscar/pdf/2003/BOE-A-2003-10715-consolidado.pdf;OK;412646
100;100_Ley_44_2003_profesiones_sanitarias.pdf;Ley 44/2003, de ordenación de las profesiones sanitarias;3;Regulacion_ES;BOE;web;https://www.boe.es/buscar/pdf/2003/BOE-A-2003-21340-consolidado.pdf;OK;323025
101;101_Ley_33_2011_salud_publica.pdf;Ley 33/2011, General de Salud Pública;3;Regulacion_ES;BOE;web;https://www.boe.es/buscar/pdf/2011/BOE-A-2011-15623-consolidado.pdf;OK;322771
102;102_Ley_14_2007_investigacion_biomedica.pdf;Ley 14/2007, de Investigación biomédica;3;Regulacion_ES;BOE;web;https://www.boe.es/buscar/pdf/2007/BOE-A-2007-12945-consolidado.pdf;OK;378666
103;103_RDL_1_2015_garantias_medicamentos.pdf;Real Decreto Legislativo 1/2015, Ley de garantías y uso racional de los medicamentos;3;Regulacion_ES;BOE;web;https://www.boe.es/buscar/pdf/2015/BOE-A-2015-8343-consolidado.pdf;OK;687655
104;104_RD_192_2023_productos_sanitarios.pdf;Real Decreto 192/2023, por el que se regulan los productos sanitarios;3;Regulacion_ES;BOE;web;https://www.boe.es/buscar/pdf/2023/BOE-A-2023-7416-consolidado.pdf;OK;273562
105;105_LOPDGDD_LO_3_2018.pdf;LOPDGDD — Ley Orgánica 3/2018 de Protección de Datos Personales;3;Regulacion_ES;BOE;web;https://www.boe.es/buscar/pdf/2018/BOE-A-2018-16673-consolidado.pdf;OK;542839
106;106_Estrategia_IA_SNS_eIASNS_v13.pdf;Estrategia de Inteligencia Artificial del Sistema Nacional de Salud (eIASNS);3;Estrategia_ES;Ministerio de Sanidad;web;https://www.sanidad.gob.es/areas/saludDigital/estrategiaIASNS/doc/eIASNS_v13.pdf;OK;9596085
107;107_IASNS_Orientaciones_profesionales_uso_IA.pdf;Orientaciones para profesionales sanitarios en el uso de la IA;3;Estrategia_ES;Ministerio de Sanidad;web;https://www.sanidad.gob.es/areas/saludDigital/estrategiaIASNS/doc/IASNS_Orientaciones_para_profesionales_sanitarios_en_el_uso_de_la_IA.pdf;OK;531617
108;108_IASNS_Agente_transcripcion_funcionalidades.pdf;Informe de funcionalidades del agente de transcripción clínica;3;Estrategia_ES;Ministerio de Sanidad;web;https://www.sanidad.gob.es/areas/saludDigital/estrategiaIASNS/doc/IASNS_Informe_de_funcionalidades_del_agente_de_transcripcion.pdf;OK;972719
109;109_IASNS_Guia_proceso_marcado_CE.pdf;Guía del proceso de marcado CE de productos sanitarios con IA en España;3;Estrategia_ES;Ministerio de Sanidad;web;https://www.sanidad.gob.es/areas/saludDigital/estrategiaIASNS/doc/IASNS_Guia_ProcesoMarcadoCE_Espana_PS.pdf;OK;1209244
110;110_IASNS_Omnibus_IA_simplificacion_MDR_IVDR.pdf;Ómnibus de IA y simplificación de MDR/IVDR;3;Estrategia_ES;Ministerio de Sanidad;web;https://www.sanidad.gob.es/areas/saludDigital/estrategiaIASNS/doc/IASNS_OmnibusAI_SimplificacionMDR-IVDR.pdf;OK;1505945
111;111_OMS_Etica_gobernanza_IA_salud_2021.pdf;OMS — Ethics and governance of artificial intelligence for health (2021);3;Orientaciones_OMS;OMS;web;https://iris.who.int/server/api/core/bitstreams/f780d926-4ae3-42ce-a6d6-e898a5562621/content;OK;1969366
112;112_OMS_Etica_IA_salud_modelos_multimodales_2024.pdf;OMS — Guidance on large multi-modal models (2024);3;Orientaciones_OMS;OMS;web;https://iris.who.int/server/api/core/bitstreams/e9e62c65-6045-481e-bd04-20e206bc5039/content;OK;1219926
113;113_OMS_Consideraciones_regulatorias_IA_salud_2023.pdf;OMS — Regulatory considerations on artificial intelligence for health (2023);3;Orientaciones_OMS;OMS;web;https://iris.who.int/server/api/core/bitstreams/ad62580f-540f-4e36-b957-e7f2946ae1fb/content;OK;771961
114;114_OMS_Estrategia_global_salud_digital_2020_2025.pdf;OMS — Global strategy on digital health 2020-2025;3;Orientaciones_OMS;OMS;web;https://iris.who.int/server/api/core/bitstreams/1f4d4a08-b20d-4c36-9148-a59429ac3477/content;OK;3774976
115;115_FDA_Plan_accion_IA_ML_SaMD_2021.pdf;FDA — AI/ML-Based Software as a Medical Device Action Plan (2021);3;Regulacion_EEUU;FDA;web;https://www.fda.gov/media/145022/download;OK;764505
116;116_FDA_Buenas_practicas_ML_GMLP_2021.pdf;FDA/Health Canada/MHRA — Good Machine Learning Practice guiding principles (2021);3;Regulacion_EEUU;FDA;web;https://www.fda.gov/media/153486/download;OK;450971
117;117_FDA_Guia_PCCP_dispositivos_IA.pdf;FDA — Predetermined Change Control Plans for AI-enabled device software functions;3;Regulacion_EEUU;FDA;web;https://www.fda.gov/media/166704/download;OK;666195
118;118_OCDE_Accion_colectiva_IA_responsable_salud_2024.pdf;OCDE — Collective action for responsible AI in health (2024);3;Orientaciones_OCDE;OCDE;web;https://www.oecd.org/content/dam/oecd/en/publications/reports/2024/01/collective-action-for-responsible-ai-in-health_9a65136f/f2050177-en.pdf;OK;7135050
041;041_gpc_575_depresion_infancia_avaliat_compl_caduc.pdf;GPC 575 del SNS — Depresión mayor en la infancia y la adolescencia · caducada;1;Salud_mental;GuiaSalud;local;local:gpc_575_depresion_infancia_avaliat_compl_caduc.pdf;OK;2939046
042;042_gpc_584_merkel_compl.pdf;GPC 584 del SNS — Carcinoma de células de Merkel;1;Oncologia;GuiaSalud;local;local:gpc_584_merkel_compl.pdf;OK;452472
043;043_GPC_579_Guia_Adapta_Participacion_-Comunitaria.pdf;GPC 579 del SNS — Participación comunitaria en salud (Guía Adapta);1;Salud_publica;GuiaSalud;local;local:GPC_579_Guia_Adapta_Participacion_-Comunitaria.pdf;OK;276734
119;119_NEXORA_Salud_Protocolo_Uso_IA_Clinica_v2.1.pdf;NEXORA Salud — Protocolo de uso de IA en la práctica clínica (v2.1) [FICTICIO];4;Interno_NEXORA;NEXORA Salud;local;local:NEXORA_Salud_Protocolo_Uso_IA_Clinica_v2.1.pdf;OK;5405
120;120_NEXORA_Salud_Politica_Vigencia_Guias_Clinicas.pdf;NEXORA Salud — Política de vigencia de guías y protocolos clínicos [FICTICIO];4;Interno_NEXORA;NEXORA Salud;local;local:NEXORA_Salud_Politica_Vigencia_Guias_Clinicas.pdf;OK;4100
121;121_NEXORA_Salud_Procedimiento_Validacion_Local_Modelos.pdf;NEXORA Salud — Procedimiento de validación local de modelos predictivos [FICTICIO];4;Interno_NEXORA;NEXORA Salud;local;local:NEXORA_Salud_Procedimiento_Validacion_Local_Modelos.pdf;OK;4827
122;122_NEXORA_Salud_Protocolo_Interno_Diabetes_2024.pdf;NEXORA Salud — Protocolo interno de control de la diabetes en consultas (2024) [FICTICIO];4;Interno_NEXORA;NEXORA Salud;local;local:NEXORA_Salud_Protocolo_Interno_Diabetes_2024.pdf;OK;3535
